1,AidraF0001104012023grb
1,AidraF0001304012023grb
1,AidraF0001404012023grb
1,AidraF000204012023grb
1,AidraF0003004012023grb
1,AidraF0003304012023grb
1,AidraF0003404012023grb
1,AidraF0003604012023grb
1,AidraF0003704012023grb
1,AidraF0003904012023grb
1,AidraF0004004012023grb
1,AidraF0004404012023grb
1,AidraF0005004012023grb
1,AidraF0005104012023grb
1,AidraF0005204012023grb
1,AidraF0005804012023grb
1,AidraF0005904012023grb
1,AidraF000604012023grb
1,AidraF0006004012023grb
1,AidraF000704012023grb
1,AidraF000804012023grb
1,AidraF000904012023grb
1,JohnF0001004012023grb
1,JohnF0001204012023grb
