1,AidraF0001104012023pr
1,AidraF0001304012023pr
1,AidraF0001404012023pr
1,AidraF000204012023pr
1,AidraF0003004012023pr
1,AidraF0003304012023pr
1,AidraF0003404012023pr
1,AidraF0003604012023pr
1,AidraF0003704012023pr
1,AidraF0003904012023pr
1,AidraF0004004012023pr
1,AidraF0004404012023pr
1,AidraF0005004012023pr
1,AidraF0005104012023pr
1,AidraF0005204012023pr
1,AidraF0005804012023pr
1,AidraF0005904012023pr
1,AidraF000604012023pr
1,AidraF0006004012023pr
1,AidraF000704012023pr
1,AidraF000804012023pr
1,AidraF000904012023pr
1,JohnF0001004012023pr
1,JohnF0001204012023pr
