1,AdrianaC108322022023rb
1,AdrianaC108422022023rb
1,AdrianaC108522022023rb
1,AdrianaC108622022023rb
1,AdrianaC108722022023rb
1,AdrianaC108822022023rb
1,AdrianaC108922022023rb
1,AdrianaC109022022023rb
1,AdrianaC109122022023rb
1,AdrianaC109222022023rb
1,AdrianaC109322022023rb
1,AdrianaC109422022023rb
1,AdrianaC109522022023rb
1,AdrianaC109622022023rb
1,AdrianaC109722022023rb
1,AdrianaC109822022023rb
1,AdrianaC110222022023rb
1,AftenO116022022023rb
1,AftenO116222022023rb
1,AftenO116322022023rb
1,AftenO116422022023rb
1,AftenO116522022023rb
1,AidenA117122022023rb
1,AidenA118022022023rb
1,AidenA118322022023rb
1,AidenA118522022023rb
1,AidenA119422022023rb
1,AidenA119722022023rb
1,AidenA119822022023rb
1,AidenA120122022023rb
1,AidenA120522022023rb
1,AidenA120622022023rb
1,AidenA120922022023rb
1,AidenA122122022023rb
1,AidenA122622022023rb
1,AidraF124822022023rb
1,AidraF125022022023rb
1,AidraF125222022023rb
1,AidraF125822022023rb
1,AidraF125922022023rb
1,AidraF126022022023rb
1,AidraF126322022023rb
1,AidraF126822022023rb
1,AidraF128622022023rb
1,AidraF129622022023rb
1,AidraF129722022023rb
1,AidraF129822022023rb
1,AidraF130522022023rb
1,AidraF130622022023rb
1,AidraF130722022023rb
1,AidraF131422022023rb
1,AidraF131622022023rb
1,AidraF132322022023rb
1,AidraF132422022023rb
1,AidraF132522022023rb
1,AidraF132622022023rb
1,AidraF132822022023rb
1,AidraF132922022023rb
1,AidraF133722022023rb
1,AidraF134322022023rb
1,AngelD185322022023rb
1,AngelD185422022023rb
1,AngelD186222022023rb
1,AngelD186322022023rb
1,AngelD186422022023rb
1,AngelD186522022023rb
1,AngelD185722022023rb
1,AngelD186722022023rb
1,AngelD186922022023rb
1,AngelD187322022023rb
1,AngelD187522022023rb
1,AngelD187622022023rb
1,AngelD187722022023rb
1,AngelD188122022023rb
1,AngelD188522022023rb
1,AngelD188622022023rb
1,AngelD188822022023rb
1,AngelD188922022023rb
1,AngelD189122022023rb
1,AngelD189422022023rb
1,AngelD189722022023rb
1,AngelD189822022023rb
1,AngelD189922022023rb
1,AngelD190122022023rb
1,AngelD190322022023rb
1,AngelD190422022023rb
1,AngelD190622022023rb
1,AngelD191322022023rb
1,AngelD191622022023rb
1,AngelD191722022023rb
1,AngelY194322022023rb
1,AngelY194622022023rb
1,AngelY194922022023rb
1,AngelY195022022023rb
1,AngelY195122022023rb
1,AngelY196122022023rb
1,AngelY196722022023rb
1,AngelY196822022023rb
1,AnnabelR218222022023rb
1,AnnabelR218922022023rb
1,AnnabelR219222022023rb
1,AnnabelR220522022023rb
1,AnnabelR221122022023rb
1,AnnabelR221922022023rb
1,AriaK223622022023rb
1,AriaK223822022023rb
1,AriaK224322022023rb
1,AriaK224422022023rb
1,AriaK224522022023rb
1,AriaK224622022023rb
1,AsaA227322022023rb
1,AsaA230322022023rb
1,AsaA235122022023rb
1,AsaA236122022023rb
1,AsaA238022022023rb
1,AsaA238122022023rb
1,AsaA238222022023rb
1,AsaA238322022023rb
1,AsaA238422022023rb
1,AsaA238522022023rb
1,AsaA238622022023rb
1,AsaA238722022023rb
1,AsaA238822022023rb
1,AsaA238922022023rb
1,AsaA239122022023rb
1,AsaA239222022023rb
1,AsaA239322022023rb
1,AsaA239422022023rb
1,AsaA239522022023rb
1,AsaA239622022023rb
1,AsaA239722022023rb
1,AsaA239822022023rb
1,AsaA239922022023rb
1,AsaA240022022023rb
1,AsaA240122022023rb
1,AsaA240222022023rb
1,AsaA240322022023rb
1,AsaA240422022023rb
1,AsaA240522022023rb
1,AsaA240622022023rb
1,AsaA240722022023rb
1,AsaA240822022023rb
1,AsaA240922022023rb
1,AsaA241022022023rb
1,AsaA241122022023rb
1,AsaA241222022023rb
1,AsaA241422022023rb
1,AsaA241522022023rb
1,AsaA241622022023rb
1,AsaA241722022023rb
1,AsaA241822022023rb
1,AsaA241922022023rb
1,AsaA242022022023rb
1,AsaA242122022023rb
1,AsaA242222022023rb
1,AsaA242422022023rb
1,AsaA244622022023rb
1,AsaA248022022023rb
1,AshlynnT259822022023rb
1,AshlynnT260222022023rb
1,BrookeH262322022023rb
1,BrookeH263322022023rb
1,BrookeH263422022023rb
1,BrookeH263522022023rb
1,BrookeH263622022023rb
1,BrookeH263722022023rb
1,BrookeH263822022023rb
1,BrookeH263922022023rb
1,BrookeH264022022023rb
1,BrookeH264122022023rb
1,BrookeH264222022023rb
1,CadeM267322022023rb
1,CadeM267522022023rb
1,CadeM267722022023rb
1,CadeM267822022023rb
1,CaitlinB268422022023rb
1,CaitlinB269622022023rb
1,CaitlinB269722022023rb
1,CaitlinB269922022023rb
1,CaitlinB270122022023rb
1,CaitlinB270222022023rb
1,CaitlinB270322022023rb
1,CaitlinB270422022023rb
1,CaitlinB270522022023rb
1,CaitlinB271822022023rb
1,CaliC276822022023rb
1,CaliC276922022023rb
1,CarolinaC280122022023rb
1,CarolinaC280422022023rb
1,CarolinaC280522022023rb
1,CarolinaC281022022023rb
1,CarolinaC281122022023rb
1,CarolinaC281522022023rb
1,CarolinaC281722022023rb
1,CarolinaC282022022023rb
1,CarolinaC282822022023rb
1,CarolinaC283022022023rb
1,CarolinaC284022022023rb
1,CascaA287522022023rb
1,CascaA287622022023rb
1,CascaA287822022023rb
1,CascaA288722022023rb
1,CascaA288822022023rb
1,CascaA289022022023rb
1,CascaA289422022023rb
1,CascaA289622022023rb
1,CascaA289722022023rb
1,CascaA289822022023rb
1,CascaA290422022023rb
1,CascaA290622022023rb
1,CascaA290822022023rb
1,CascaA290922022023rb
1,CascaA291022022023rb
1,CascaA291222022023rb
1,CascaA291622022023rb
1,CascaA291822022023rb
1,CaseyC292622022023rb
1,CaseyC292722022023rb
1,CaseyC292822022023rb
1,CaseyC292922022023rb
1,CaseyC293022022023rb
1,CaseyC293222022023rb
1,CaseyC293422022023rb
1,CaseyC293522022023rb
1,CaseyC293622022023rb
1,CaseyC293722022023rb
1,CaseyC293822022023rb
1,CaseyC293922022023rb
1,CaseyC294022022023rb
1,CaseyC295822022023rb
1,CaseyC295922022023rb
1,CaseyC296022022023rb
1,CaseyC297722022023rb
1,CaseyC298122022023rb
1,CaseyC298822022023rb
1,CaseyC300622022023rb
1,CaseyK301322022023rb
1,CaseyK301522022023rb
1,ChannyC303922022023rb
1,ChannyC304222022023rb
1,ChannyC304522022023rb
1,ChannyC304922022023rb
1,ChantalD305022022023rb
1,ChantalD305122022023rb
1,ChantalD305222022023rb
1,ChantalD305822022023rb
1,CherieD308322022023rb
1,CherieD308422022023rb
1,CherieD308522022023rb
1,CherieD308622022023rb
1,CherieD308722022023rb
1,CherieD308822022023rb
1,CherieD309322022023rb
1,CherieD311422022023rb
1,CherieD311522022023rb
1,DanteC311722022023rb
1,DanteC314022022023rb
1,DanteC314122022023rb
1,DanteC314322022023rb
1,DestinyC315922022023rb
1,DestinyC316422022023rb
1,DestinyC316522022023rb
1,DestinyC316722022023rb
1,DestinyC318422022023rb
1,DestinyC319222022023rb
1,DestinyC319622022023rb
1,DestinyC321422022023rb
1,DestinyC321722022023rb
1,DestinyC321822022023rb
1,DestinyC322222022023rb
1,DestinyC323022022023rb
1,DestinyC323122022023rb
1,DestinyC323522022023rb
1,EbonyM324122022023rb
1,EbonyM324622022023rb
1,EbonyM324822022023rb
1,EbonyM325122022023rb
1,EbonyM325222022023rb
1,EbonyM325422022023rb
1,EbonyM325622022023rb
1,EbonyM325722022023rb
1,EbonyM325822022023rb
1,EbonyM326122022023rb
1,EbonyM326222022023rb
1,ElectraR329722022023rb
1,EmilyW331822022023rb
1,EmilyW331922022023rb
1,EmilyW332022022023rb
1,EmilyW332122022023rb
1,EmilyW332222022023rb
1,EmilyW332422022023rb
1,EmilyW332722022023rb
1,EmilyW334722022023rb
1,EmilyW335822022023rb
1,EmilyW337422022023rb
1,EmilyW337522022023rb
1,EmilyW337622022023rb
1,GiannaD386922022023rb
1,GiannaD387222022023rb
1,GiannaD387722022023rb
1,GiannaD388222022023rb
1,GiannaD388322022023rb
1,GiannaD388422022023rb
1,GiannaD388622022023rb
1,GiannaD389122022023rb
1,GiannaD390322022023rb
1,GiannaD390422022023rb
1,GiannaD390522022023rb
1,GiannaD390622022023rb
1,GiannaD390722022023rb
1,GiannaD390822022023rb
1,GiannaD390922022023rb
1,GiannaD391022022023rb
1,GiannaD391122022023rb
1,GiannaD391222022023rb
1,GiannaD391322022023rb
1,GiannaD391422022023rb
1,GiannaD391622022023rb
1,GiannaD392222022023rb
1,GiannaD392322022023rb
1,GiannaD392522022023rb
1,JadeK099922022023rb
1,JadeK100022022023rb
1,JadeK100322022023rb
1,JadeK100422022023rb
1,JadeK392922022023rb
1,JadeK393422022023rb
1,JadeK393922022023rb
1,JadeK394622022023rb
1,JadeK394922022023rb
1,JadeK395122022023rb
1,JadeK395322022023rb
1,JadeK396022022023rb
1,JadeK396122022023rb
1,JadeK396222022023rb
1,JadeK396322022023rb
1,JadeK396522022023rb
1,JadeK396622022023rb
1,JadeK396722022023rb
1,JadeK396822022023rb
1,JadeK396922022023rb
1,JadeK397022022023rb
1,JadeK397122022023rb
1,JadeK397322022023rb
1,JadeK397522022023rb
1,JadeK398722022023rb
1,JadeK398922022023rb
1,JadeK399122022023rb
1,JadeK399222022023rb
1,JadeK399422022023rb
1,JadeK400022022023rb
1,JadeK400222022023rb
1,JadeK400422022023rb
1,JadeK400822022023rb
1,JadeK401522022023rb
1,JadeK402322022023rb
1,JadeK402822022023rb
1,JadeK403022022023rb
1,JadeK403322022023rb
1,JadeK403622022023rb
1,JadeK405122022023rb
1,JadeK405322022023rb
1,JadeK405922022023rb
1,JadeK406022022023rb
1,JadeK406122022023rb
1,JadeK406422022023rb
1,JadeK406522022023rb
1,JadeK406822022023rb
1,JadeK407022022023rb
1,JadeK407122022023rb
1,JadeK407622022023rb
1,JadeK407722022023rb
1,JadeK407922022023rb
1,JaneW409722022023rb
1,JaneW409922022023rb
1,JaneW410022022023rb
1,JaneW410322022023rb
1,JaneW410522022023rb
1,JaneW410822022023rb
1,JaneW412122022023rb
1,JaneW412722022023rb
1,JaneW412922022023rb
1,JaneW414122022023rb
1,JaniceG414622022023rb
1,JaniceG414722022023rb
1,JaniceG415522022023rb
1,JaniceG415622022023rb
1,JaniceG415822022023rb
1,JaniceG417222022023rb
1,JaniceG417422022023rb
1,JaniceG417922022023rb
1,JaniceG418522022023rb
1,JaniceG418622022023rb
1,JayT419122022023rb
1,JayT419222022023rb
1,JayT419422022023rb
1,JayT419622022023rb
1,JayT421022022023rb
1,JayT421222022023rb
1,JennaS422222022023rb
1,JennaS422322022023rb
1,JennaS422422022023rb
1,JennaS422522022023rb
1,JennaS422622022023rb
1,JennaS422822022023rb
1,JennaS422922022023rb
1,JennaS423022022023rb
1,JennaS424322022023rb
1,JenniferW425922022023rb
1,JenniferW426022022023rb
1,JenniferW426122022023rb
1,JenniferW426222022023rb
1,JenniferW426322022023rb
1,JenniferW430222022023rb
1,JesseP430522022023rb
1,JesseP431522022023rb
1,JesseP431722022023rb
1,JesseP431922022023rb
1,JesseP433022022023rb
1,JesseP433822022023rb
1,JesseP433922022023rb
1,JesseP434222022023rb
1,JesseP434322022023rb
1,JesseP434422022023rb
1,JesseP434522022023rb
1,JesseP434622022023rb
1,JesseP434922022023rb
1,JesseP435422022023rb
1,JessieS440822022023rb
1,JessieS441422022023rb
1,JojoK442522022023rb
1,JojoK442822022023rb
1,JojoK443222022023rb
1,JojoK443322022023rb
1,JojoK443422022023rb
1,JojoK443622022023rb
1,JojoK443722022023rb
1,JojoK443922022023rb
1,JojoK444222022023rb
1,JojoK444422022023rb
1,JojoK445022022023rb
1,JojoK445122022023rb
1,KagneyL445822022023rb
1,KagneyL447822022023rb
1,KagneyL448322022023rb
1,KagneyL448522022023rb
1,KagneyL449322022023rb
1,KagneyL452322022023rb
1,KagneyL452422022023rb
1,KagneyL452522022023rb
1,KagneyL453422022023rb
1,KagneyL454822022023rb
1,KagneyL455422022023rb
1,KagneyL456122022023rb
1,KagneyL456222022023rb
1,KagneyL456422022023rb
1,KagneyL456522022023rb
1,KagneyL458022022023rb
1,KagneyL458122022023rb
1,KagneyL458222022023rb
1,KagneyL458322022023rb
1,KagneyL458422022023rb
1,KagneyL458622022023rb
1,KagneyL458722022023rb
1,KagneyL458822022023rb
1,KagneyL458922022023rb
1,KagneyL459022022023rb
1,KagneyL460222022023rb
1,KaylaK460822022023rb
1,KaylaK461622022023rb
1,KaylaK463022022023rb
1,KaylaK463922022023rb
1,KaylaK464522022023rb
1,KaylaP466522022023rb
1,KaylaP467022022023rb
1,KaylaP467122022023rb
1,KaylaP467222022023rb
1,KaylaP467322022023rb
1,KaylaP467522022023rb
1,KaylaP467622022023rb
1,KaylaP467822022023rb
1,KaylaP467922022023rb
1,KaylaP468122022023rb
1,KaylaP468222022023rb
1,KaylaP468322022023rb
1,KaylaP468422022023rb
1,KayleyG473722022023rb
1,KayleyG473922022023rb
1,KayleyG474022022023rb
1,KayleyG474322022023rb
1,KayleyG474522022023rb
1,KayleyG475022022023rb
1,KayleyG475122022023rb
1,KayleyG475222022023rb
1,KayleyG475322022023rb
1,KayleyG479022022023rb
1,KayleyG479122022023rb
1,KayleyG479222022023rb
1,KayleyG479422022023rb
1,KayleyG479522022023rb
1,KayleyG479622022023rb
1,KayleyG479722022023rb
1,KayleyG481122022023rb
1,KayleyG481222022023rb
1,KayleyG481322022023rb
1,KayleyG481422022023rb
1,KazumiS483322022023rb
1,KendallK492022022023rb
1,KendallK492422022023rb
1,KendallK492522022023rb
1,KendallK492722022023rb
1,KendallK492922022023rb
1,KendallK493222022023rb
1,KendallK494022022023rb
1,KendallK494122022023rb
1,KhloeK495722022023rb
1,KhloeK495822022023rb
1,KhloeK496622022023rb
1,KhloeK501222022023rb
1,KhloeK501322022023rb
1,KhloeK501422022023rb
1,KhloeK501522022023rb
1,KhloeK501622022023rb
1,KhloeK501722022023rb
1,KhloeK501822022023rb
1,KhloeK501922022023rb
1,KhloeK502022022023rb
1,KhloeK502122022023rb
1,KhloeK502222022023rb
1,KhloeK504722022023rb
1,KikiD508422022023rb
1,KikiD508522022023rb
1,KikiD508622022023rb
1,KikiD508722022023rb
1,KikiD508822022023rb
1,LasirenaS509422022023rb
1,LasirenaS509522022023rb
1,LasirenaS509622022023rb
1,LasirenaS512722022023rb
1,LexiL513222022023rb
1,LexiL513522022023rb
1,LexiL513722022023rb
1,LexiL517322022023rb
1,LexiL517422022023rb
1,LexiL517522022023rb
1,LexiL517722022023rb
1,LexiL517822022023rb
1,LexiL519522022023rb
1,LilaL521222022023rb
1,LilaL522122022023rb
1,LilyL533622022023rb
1,MadisonM541622022023rb
1,MadisonM541822022023rb
1,MadisonM542022022023rb
1,MadisonM543322022023rb
1,MaxineX544422022023rb
1,MaxineX544522022023rb
1,MaxineX544622022023rb
1,MaxineX545222022023rb
1,MaxineX545522022023rb
1,MaxineX545822022023rb
1,MaxineX546022022023rb
1,MaxineX546322022023rb
1,MaxineX546522022023rb
1,MaxineX546622022023rb
1,MaxineX547622022023rb
1,MaxineX547722022023rb
1,MaxineX548222022023rb
1,MaxineX548422022023rb
1,MaxineX548922022023rb
1,MaxineX549022022023rb
1,MaxineX549122022023rb
1,MaxineX549222022023rb
1,MaxineX549322022023rb
1,MaxineX549422022023rb
1,MaxineX549822022023rb
1,MaxineX550022022023rb
1,MaxineX550122022023rb
1,MaxineX550222022023rb
1,MaxineX550622022023rb
1,MaxineX550722022023rb
1,MayaW551022022023rb
1,MayaW551622022023rb
1,MayaW552722022023rb
1,MayaW552822022023rb
1,MayaW553922022023rb
1,NaudiN556522022023rb
1,OnyxM557022022023rb
1,OnyxM557122022023rb
1,OnyxM557422022023rb
1,OnyxM557722022023rb
1,OnyxM557822022023rb
1,OnyxM557922022023rb
1,OnyxM558022022023rb
1,OpheliaR559222022023rb
1,OpheliaR559422022023rb
1,OpheliaR559722022023rb
1,PinkyS562322022023rb
1,PinkyS562522022023rb
1,ReenaS579922022023rb
1,ReenaS580622022023rb
1,ReenaS580722022023rb
1,ReenaS580922022023rb
1,ReenaS581022022023rb
1,ReenaS581122022023rb
1,ReenaS581322022023rb
1,ReenaS582322022023rb
1,ReenaS582622022023rb
1,ReenaS582722022023rb
1,ReenaS583322022023rb
1,ReenaS584622022023rb
1,ReenaS584922022023rb
1,ReenaS585122022023rb
1,ReenaS585922022023rb
1,ReyaS586422022023rb
1,ReyaS586522022023rb
1,RileyN590522022023rb
1,RileyN590722022023rb
1,RileyN591122022023rb
1,RileyN594222022023rb
1,RileyN594322022023rb
1,RoxieS595022022023rb
1,RoxieS595222022023rb
1,RoxieS595322022023rb
1,RoxieS595422022023rb
1,RoxieS596922022023rb
1,RoxieS597122022023rb
1,RoxieS597222022023rb
1,RoxieS597322022023rb
1,RoxieS598222022023rb
1,SarahJ600622022023rb
1,SarahJ601622022023rb
1,SarahJ602022022023rb
1,SarahJ602122022023rb
1,SavannahB603722022023rb
1,SavannahB603822022023rb
1,SavannahB603922022023rb
1,SavannahB604022022023rb
1,SavannahB604122022023rb
1,SavannahB604222022023rb
1,SavannahB604322022023rb
1,SavannahB604422022023rb
1,SavannahB605922022023rb
1,SavannahB606022022023rb
1,SavannahB606122022023rb
1,SavannahB606322022023rb
1,SavannahB606422022023rb
1,SavannahB606522022023rb
1,ScarlettH615622022023rb
1,ScarlettH615722022023rb
1,ScarlettH619622022023rb
1,ScarlettH619822022023rb
1,ScarlettH620022022023rb
1,ScarlettS621322022023rb
1,ScarlettS623222022023rb
1,ScarlettS623422022023rb
1,ScarlettS623522022023rb
1,ScarlettS623622022023rb
1,ScarlettS623722022023rb
1,ScarlettS623822022023rb
1,ScarlettS623922022023rb
1,ScarlettS624022022023rb
1,SilviaS626222022023rb
1,SinnS627522022023rb
1,SlimthickV632022022023rb
1,SlimthickV632122022023rb
1,SlimthickV635822022023rb
1,SofieM637722022023rb
1,SophiaL638022022023rb
1,SophiaL639722022023rb
1,SophiaL641122022023rb
1,SophiaL641222022023rb
1,SophiaL641322022023rb
1,SophiaL641422022023rb
1,SophiaL641522022023rb
1,SophiaL641622022023rb
1,SophiaL641722022023rb
1,SophiaL641922022023rb
1,SophiaL644622022023rb
1,SophiaL644722022023rb
1,SpencerS645622022023rb
1,SpencerS645722022023rb
1,SpencerS646022022023rb
1,SpencerS646122022023rb
1,SpencerS646222022023rb
1,SpencerS646322022023rb
1,SpencerS646422022023rb
1,SpencerS647422022023rb
1,SpencerS647522022023rb
1,SpencerS647622022023rb
1,SpencerS648622022023rb
1,SpencerS648822022023rb
1,SpencerS651922022023rb
1,SpencerS652622022023rb
1,StoyaJ201622022023rb
1,SummerH653322022023rb
1,SummerH656322022023rb
1,SummerH656422022023rb
1,SummerH656522022023rb
1,SummerH656622022023rb
1,TiffanyW657022022023rb
1,TiffanyW659122022023rb
1,ValericaS668022022023rb
1,ValericaS668122022023rb
1,ValericaS669022022023rb
1,ValericaS669222022023rb
1,ValericaS670422022023rb
1,VanessaV673322022023rb
1,VanessaV673622022023rb
1,VanessaV673722022023rb
1,VanessaV673922022023rb
1,VanessaV674222022023rb
1,VanessaV674922022023rb
1,VictoriaV675122022023rb
1,VictoriaV675222022023rb
1,VioletM677622022023rb
1,VioletM678522022023rb
1,VioletM678622022023rb
1,VioletM678722022023rb
1,VioletM678822022023rb
1,VioletM678922022023rb
1,VioletM679022022023rb
1,VioletM679122022023rb
1,VioletM681122022023rb
1,VioletM681222022023rb
1,WhitneyW681622022023rb
1,WhitneyW681722022023rb
1,WhitneyW681822022023rb
1,WhitneyW682222022023rb
1,WhitneyW682422022023rb
1,WhitneyW684322022023rb
1,WhitneyW684622022023rb
1,WhitneyW686422022023rb
1,AdrianaM100022022023rb
1,AdrianaM100422022023rb
1,AdrianaM100522022023rb
1,AdrianaM100922022023rb
1,AdrianaM101022022023rb
1,AdrianaM103122022023rb
1,AdrianaM103322022023rb
1,AdrianaM103422022023rb
1,AdrianaM103922022023rb
1,AilaD137422022023rb
1,AilaD137622022023rb
1,AilaD139622022023rb
1,AilaD139722022023rb
1,AilaD141722022023rb
1,AilaD142122022023rb
1,AllieA176922022023rb
1,AllieA176422022023rb
1,AllieA177122022023rb
1,AllieA177622022023rb
1,AllieA178322022023rb
1,AllieA178522022023rb
1,AllieA178622022023rb
1,AllieA178722022023rb
1,AllieA179022022023rb
1,AllieA179122022023rb
1,AllieA179222022023rb
1,AllieA179722022023rb
1,AngelD180722022023rb
1,AngelD182522022023rb
1,AngelD182722022023rb
1,AngelD183522022023rb
1,AngelD184022022023rb
1,AngelD181822022023rb
1,AngelD183322022023rb
1,FrancineD099922022023rb
1,FrancineD100022022023rb
1,FrancineD100122022023rb
1,FrancineD100222022023rb
1,FrancineD338922022023rb
1,FrancineD339522022023rb
1,FrancineD339822022023rb
1,FrancineD339922022023rb
1,FrancineD340022022023rb
1,FrancineD340122022023rb
1,FrancineD340322022023rb
1,FrancineD340422022023rb
1,FrancineD340522022023rb
1,FrancineD340622022023rb
1,FrancineD341522022023rb
1,FrancineD342122022023rb
1,FrancineD342422022023rb
1,FrancineD342522022023rb
1,FrancineD343322022023rb
1,FrancineD343422022023rb
1,FrancineD343522022023rb
1,FrancineD343622022023rb
1,FrancineD343922022023rb
1,FrancineD344022022023rb
1,FrancineD344222022023rb
1,FrancineD344322022023rb
1,FrancineD344522022023rb
1,FrancineD344722022023rb
1,FrancineD344822022023rb
1,FrancineD345122022023rb
1,FrancineD345522022023rb
1,FrancineD345622022023rb
1,FrancineD345722022023rb
1,FrancineD345822022023rb
1,FrancineD345922022023rb
1,FrancineD346222022023rb
1,FrancineD346622022023rb
1,FrancineD347122022023rb
1,FrancineD347222022023rb
1,FrancineD348422022023rb
1,FrancineD348522022023rb
1,FrancineD348622022023rb
1,FrancineD348822022023rb
1,FrancineD349222022023rb
1,FrancineD349922022023rb
1,FrancineD350022022023rb
1,FrancineD350222022023rb
1,FrancineD350522022023rb
1,FrancineD351122022023rb
1,FrancineD351422022023rb
1,FrancineD351522022023rb
1,FrancineD351622022023rb
1,FrancineD352422022023rb
1,FrancineD352522022023rb
1,FrancineD352622022023rb
1,FrancineD353322022023rb
1,FrancineD353422022023rb
1,FrancineD353622022023rb
1,FrancineD353722022023rb
1,FrancineD355222022023rb
1,FrancineD355622022023rb
1,FrancineD357422022023rb
1,FrancineD358122022023rb
1,FrancineD358222022023rb
1,FrancineD358322022023rb
1,FrancineD358622022023rb
1,FrancineD358922022023rb
1,FrancineD359722022023rb
1,FrancineD359822022023rb
1,FrancineD361422022023rb
1,FrancineD362122022023rb
1,FrancineD362322022023rb
1,FrancineD363122022023rb
1,FrancineD363822022023rb
1,FrancineD364222022023rb
1,FrancineD364422022023rb
1,FrancineD364722022023rb
1,FrancineD364922022023rb
1,FrancineD365022022023rb
1,FrancineD365622022023rb
1,FrancineD365922022023rb
1,FrancineD367122022023rb
1,FrancineD367422022023rb
1,FrancineD367522022023rb
1,FrancineD367722022023rb
1,FrancineD367822022023rb
1,FrancineD367922022023rb
1,FrancineD368122022023rb
1,FrancineD368322022023rb
1,FrancineD369122022023rb
1,FrancineD370722022023rb
1,FrancineD371622022023rb
1,FrancineD371722022023rb
1,FrancineD372922022023rb
1,FrancineD373322022023rb
1,FrancineD373522022023rb
1,FrancineD373922022023rb
1,FrancineD374022022023rb
1,FrancineD374422022023rb
1,FrancineD376122022023rb
1,FrancineD376622022023rb
1,FrancineD377022022023rb
1,FrancineD378022022023rb
1,FrancineD378322022023rb
1,FrancineD378522022023rb
1,FrancineD378622022023rb
1,FrancineD378922022023rb
1,FrancineD379022022023rb
1,FrancineD379122022023rb
1,FrancineD380222022023rb
1,FrancineD380622022023rb
1,FrancineD380922022023rb
1,FrancineD381022022023rb
1,FrancineD381522022023rb
1,JadeK400322022023rb
1,Morgan Lee And Megan Rain 0000822022023rb
1,TruK661622022023rb
1,TruK662122022023rb
1,TruK664822022023rb
1,TruK665822022023rb
1,TruK665922022023rb
1,TruK666022022023rb
1,TruK666122022023rb
1,TruK666222022023rb
1,TruK666322022023rb
1,TruK666422022023rb
