1,AdrianaC108327022023r
1,AdrianaC108427022023r
1,AdrianaC108527022023r
1,AdrianaC108627022023r
1,AdrianaC108727022023r
1,AdrianaC108827022023r
1,AdrianaC108927022023r
1,AdrianaC109027022023r
1,AdrianaC109127022023r
1,
1,
1,
1,
1,
1,
1,
1,
1,AftenO116027022023r
1,AftenO116227022023r
1,AftenO116327022023r
1,
1,
1,AidenA117127022023r
1,AidenA118027022023r
1,AidenA118327022023r
1,AidenA118527022023r
1,AidenA119427022023r
1,AidenA119727022023r
1,AidenA119827022023r
1,
1,
1,
1,
1,
1,
1,AidraF124827022023r
1,AidraF125027022023r
1,AidraF125227022023r
1,AidraF125827022023r
1,AidraF125927022023r
1,AidraF126027022023r
1,AidraF126327022023r
1,AidraF126827022023r
1,AidraF128627022023r
1,AidraF129627022023r
1,AidraF129727022023r
1,AidraF129827022023r
1,AidraF130527022023r
1,
1,
1,
1,
1,
1,
1,
1,
1,
1,
1,
1,
1,AngelD185327022023r
1,AngelD185427022023r
1,AngelD186227022023r
1,AngelD186327022023r
1,AngelD186427022023r
1,AngelD186527022023r
1,AngelD185727022023r
1,AngelD186727022023r
1,AngelD186927022023r
1,AngelD187327022023r
1,AngelD187527022023r
1,AngelD187627022023r
1,AngelD187727022023r
1,AngelD188127022023r
1,AngelD188527022023r
1,
1,
1,
1,
1,
1,
1,
1,
1,
1,
1,
1,
1,
1,
1,
1,AngelY194327022023r
1,AngelY194627022023r
1,AngelY194927022023r
1,AngelY195027022023r
1,
1,
1,
1,
1,AnnabelR218227022023r
1,AnnabelR218927022023r
1,AnnabelR219227022023r
1,
1,
1,
1,AriaK223627022023r
1,AriaK223827022023r
1,AriaK224327022023r
1,
1,
1,
1,AsaA227327022023r
1,AsaA230327022023r
1,AsaA235127022023r
1,AsaA236127022023r
1,AsaA238027022023r
1,AsaA238127022023r
1,AsaA238227022023r
1,AsaA238327022023r
1,AsaA238427022023r
1,AsaA238527022023r
1,AsaA238627022023r
1,AsaA238727022023r
1,AsaA238827022023r
1,AsaA238927022023r
1,AsaA239127022023r
1,AsaA239227022023r
1,AsaA239327022023r
1,AsaA239427022023r
1,AsaA239527022023r
1,AsaA239627022023r
1,AsaA239727022023r
1,AsaA239827022023r
1,AsaA239927022023r
1,AsaA240027022023r
1,
1,
1,
1,
1,
1,
1,
1,
1,
1,
1,
1,
1,
1,
1,
1,
1,
1,
1,
1,
1,
1,
1,
1,
1,AshlynnT259827022023r
1,AshlynnT260227022023r
1,BrookeH262327022023r
1,BrookeH263327022023r
1,BrookeH263427022023r
1,BrookeH263527022023r
1,BrookeH263627022023r
1,BrookeH263727022023r
1,
1,
1,
1,
1,
1,CadeM267327022023r
1,CadeM267527022023r
1,
1,
1,CaitlinB268427022023r
1,CaitlinB269627022023r
1,CaitlinB269727022023r
1,CaitlinB269927022023r
1,CaitlinB270127022023r
1,
1,
1,
1,
1,
1,CaliC276827022023r
1,CaliC276927022023r
1,CarolinaC280127022023r
1,CarolinaC280427022023r
1,CarolinaC280527022023r
1,CarolinaC281027022023r
1,CarolinaC281127022023r
1,CarolinaC281527022023r
1,
1,
1,
1,
1,
1,CascaA287527022023r
1,CascaA287627022023r
1,CascaA287827022023r
1,CascaA288727022023r
1,CascaA288827022023r
1,CascaA289027022023r
1,CascaA289427022023r
1,CascaA289627022023r
1,CascaA289727022023r
1,
1,
1,
1,
1,
1,
1,
1,
1,
1,CaseyC292627022023r
1,CaseyC292727022023r
1,CaseyC292827022023r
1,CaseyC292927022023r
1,CaseyC293027022023r
1,CaseyC293227022023r
1,CaseyC293427022023r
1,CaseyC293527022023r
1,CaseyC293627022023r
1,CaseyC293727022023r
1,
1,
1,
1,
1,
1,
1,
1,
1,
1,
1,CaseyK301327022023r
1,CaseyK301527022023r
1,ChannyC303927022023r
1,ChannyC304227022023r
1,
1,
1,ChantalD305027022023r
1,ChantalD305127022023r
1,
1,
1,CherieD308327022023r
1,CherieD308427022023r
1,CherieD308527022023r
1,CherieD308627022023r
1,CherieD308727022023r
1,
1,
1,
1,
1,DanteC311727022023r
1,DanteC314027022023r
1,
1,
1,DestinyC315927022023r
1,DestinyC316427022023r
1,DestinyC316527022023r
1,DestinyC316727022023r
1,DestinyC318427022023r
1,DestinyC319227022023r
1,DestinyC319627022023r
1,
1,
1,
1,
1,
1,
1,
1,EbonyM324127022023r
1,EbonyM324627022023r
1,EbonyM324827022023r
1,EbonyM325127022023r
1,EbonyM325227022023r
1,EbonyM325427022023r
1,
1,
1,
1,
1,
1,ElectraR329727022023r
1,EmilyW331827022023r
1,EmilyW331927022023r
1,EmilyW332027022023r
1,EmilyW332127022023r
1,EmilyW332227022023r
1,EmilyW332427022023r
1,
1,
1,
1,
1,
1,
1,GiannaD386927022023r
1,GiannaD387227022023r
1,GiannaD387727022023r
1,GiannaD388227022023r
1,GiannaD388327022023r
1,GiannaD388427022023r
1,GiannaD388627022023r
1,GiannaD389127022023r
1,GiannaD390327022023r
1,GiannaD390427022023r
1,GiannaD390527022023r
1,GiannaD390627022023r
1,
1,
1,
1,
1,
1,
1,
1,
1,
1,
1,
1,
1,JadeK099927022023r
1,JadeK100027022023r
1,JadeK100327022023r
1,JadeK100427022023r
1,JadeK392927022023r
1,JadeK393427022023r
1,JadeK393927022023r
1,JadeK394627022023r
1,JadeK394927022023r
1,JadeK395127022023r
1,JadeK395327022023r
1,JadeK396027022023r
1,JadeK396127022023r
1,JadeK396227022023r
1,JadeK396327022023r
1,JadeK396527022023r
1,JadeK396627022023r
1,JadeK396727022023r
1,JadeK396827022023r
1,JadeK396927022023r
1,JadeK397027022023r
1,JadeK397127022023r
1,JadeK397327022023r
1,JadeK397527022023r
1,JadeK398727022023r
1,JadeK398927022023r
1,
1,
1,
1,
1,
1,
1,
1,
1,
1,
1,
1,
1,
1,
1,
1,
1,
1,
1,
1,
1,
1,
1,
1,
1,
1,
1,JaneW409727022023r
1,JaneW409927022023r
1,JaneW410027022023r
1,JaneW410327022023r
1,JaneW410527022023r
1,
1,
1,
1,
1,
1,JaniceG414627022023r
1,JaniceG414727022023r
1,JaniceG415527022023r
1,JaniceG415627022023r
1,JaniceG415827022023r
1,
1,
1,
1,
1,
1,JayT419127022023r
1,JayT419227022023r
1,JayT419427022023r
1,
1,
1,
1,JennaS422227022023r
1,JennaS422327022023r
1,JennaS422427022023r
1,JennaS422527022023r
1,JennaS422627022023r
1,
1,
1,
1,
1,JenniferW425927022023r
1,JenniferW426027022023r
1,JenniferW426127022023r
1,
1,
1,
1,JesseP430527022023r
1,JesseP431527022023r
1,JesseP431727022023r
1,JesseP431927022023r
1,JesseP433027022023r
1,JesseP433827022023r
1,JesseP433927022023r
1,
1,
1,
1,
1,
1,
1,
1,JessieS440827022023r
1,JessieS441427022023r
1,JojoK442527022023r
1,JojoK442827022023r
1,JojoK443227022023r
1,JojoK443327022023r
1,JojoK443427022023r
1,JojoK443627022023r
1,
1,
1,
1,
1,
1,
1,KagneyL445827022023r
1,KagneyL447827022023r
1,KagneyL448327022023r
1,KagneyL448527022023r
1,KagneyL449327022023r
1,KagneyL452327022023r
1,KagneyL452427022023r
1,KagneyL452527022023r
1,KagneyL453427022023r
1,KagneyL454827022023r
1,KagneyL455427022023r
1,KagneyL456127022023r
1,KagneyL456227022023r
1,
1,
1,
1,
1,
1,
1,
1,
1,
1,
1,
1,
1,
1,KaylaK460827022023r
1,KaylaK461627022023r
1,KaylaK463027022023r
1,
1,
1,KaylaP466527022023r
1,KaylaP467027022023r
1,KaylaP467127022023r
1,KaylaP467227022023r
1,KaylaP467327022023r
1,KaylaP467527022023r
1,KaylaP467627022023r
1,
1,
1,
1,
1,
1,
1,KayleyG473727022023r
1,KayleyG473927022023r
1,KayleyG474027022023r
1,KayleyG474327022023r
1,KayleyG474527022023r
1,KayleyG475027022023r
1,KayleyG475127022023r
1,KayleyG475227022023r
1,KayleyG475327022023r
1,KayleyG479027022023r
1,
1,
1,
1,
1,
1,
1,
1,
1,
1,
1,KazumiS483327022023r
1,KendallK492027022023r
1,KendallK492427022023r
1,KendallK492527022023r
1,KendallK492727022023r
1,
1,
1,
1,
1,KhloeK495727022023r
1,KhloeK495827022023r
1,KhloeK496627022023r
1,KhloeK501227022023r
1,KhloeK501327022023r
1,KhloeK501427022023r
1,KhloeK501527022023r
1,KhloeK501627022023r
1,
1,
1,
1,
1,
1,
1,
1,KikiD508427022023r
1,KikiD508527022023r
1,KikiD508627022023r
1,
1,
1,LasirenaS509427022023r
1,LasirenaS509527022023r
1,
1,
1,LexiL513227022023r
1,LexiL513527022023r
1,
1,LexiL517327022023r
1,LexiL517427022023r
1,LexiL517527022023r
1,
1,
1,
1,LilaL521227022023r
1,LilaL522127022023r
1,LilyL533627022023r
1,MadisonM541627022023r
1,MadisonM541827022023r
1,
1,
1,MaxineX544427022023r
1,MaxineX544527022023r
1,MaxineX544627022023r
1,MaxineX545227022023r
1,MaxineX545527022023r
1,MaxineX545827022023r
1,MaxineX546027022023r
1,MaxineX546327022023r
1,MaxineX546527022023r
1,MaxineX546627022023r
1,MaxineX547627022023r
1,MaxineX547727022023r
1,MaxineX548227022023r
1,
1,
1,
1,
1,
1,
1,
1,
1,
1,
1,
1,
1,
1,MayaW551027022023r
1,MayaW551627022023r
1,MayaW552727022023r
1,
1,
1,NaudiN556527022023r
1,OnyxM557027022023r
1,OnyxM557127022023r
1,OnyxM557427022023r
1,OnyxM557727022023r
1,
1,
1,
1,OpheliaR559227022023r
1,OpheliaR559427022023r
1,
1,PinkyS562327022023r
1,PinkyS562527022023r
1,ReenaS579927022023r
1,ReenaS580627022023r
1,ReenaS580727022023r
1,ReenaS580927022023r
1,ReenaS581027022023r
1,ReenaS581127022023r
1,ReenaS581327022023r
1,ReenaS582327022023r
1,
1,
1,
1,
1,
1,
1,
1,ReyaS586427022023r
1,ReyaS586527022023r
1,RileyN590527022023r
1,RileyN590727022023r
1,RileyN591127022023r
1,
1,
1,RoxieS595027022023r
1,RoxieS595227022023r
1,RoxieS595327022023r
1,RoxieS595427022023r
1,RoxieS596927022023r
1,
1,
1,
1,
1,SarahJ600627022023r
1,SarahJ601627022023r
1,
1,
1,SavannahB603727022023r
1,SavannahB603827022023r
1,SavannahB603927022023r
1,SavannahB604027022023r
1,SavannahB604127022023r
1,SavannahB604227022023r
1,SavannahB604327022023r
1,
1,
1,
1,
1,
1,
1,
1,ScarlettH615627022023r
1,ScarlettH615727022023r
1,ScarlettH619627022023r
1,
1,
1,ScarlettS621327022023r
1,ScarlettS623227022023r
1,ScarlettS623427022023r
1,ScarlettS623527022023r
1,ScarlettS623627022023r
1,
1,
1,
1,
1,SilviaS626227022023r
1,SinnS627527022023r
1,SlimthickV632027022023r
1,SlimthickV632127022023r
1,
1,SofieM637727022023r
1,SophiaL638027022023r
1,SophiaL639727022023r
1,SophiaL641127022023r
1,SophiaL641227022023r
1,SophiaL641327022023r
1,SophiaL641427022023r
1,
1,
1,
1,
1,
1,
1,SpencerS645627022023r
1,SpencerS645727022023r
1,SpencerS646027022023r
1,SpencerS646127022023r
1,SpencerS646227022023r
1,SpencerS646327022023r
1,SpencerS646427022023r
1,
1,
1,
1,
1,
1,
1,
1,StoyaJ201627022023r
1,SummerH653327022023r
1,SummerH656327022023r
1,SummerH656427022023r
1,
1,
1,TiffanyW657027022023r
1,TiffanyW659127022023r
1,ValericaS668027022023r
1,ValericaS668127022023r
1,ValericaS669027022023r
1,
1,
1,VanessaV673327022023r
1,VanessaV673627022023r
1,VanessaV673727022023r
1,
1,
1,
1,VictoriaV675127022023r
1,VictoriaV675227022023r
1,VioletM677627022023r
1,VioletM678527022023r
1,VioletM678627022023r
1,VioletM678727022023r
1,VioletM678827022023r
1,
1,
1,
1,
1,
1,WhitneyW681627022023r
1,WhitneyW681727022023r
1,WhitneyW681827022023r
1,WhitneyW682227022023r
1,
1,
1,
1,
1,AdrianaM100027022023r
1,AdrianaM100427022023r
1,AdrianaM100527022023r
1,AdrianaM100927022023r
1,AdrianaM101027022023r
1,
1,
1,
1,
1,AilaD137427022023r
1,AilaD137627022023r
1,AilaD139627022023r
1,
1,
1,
1,AllieA176927022023r
1,AllieA176427022023r
1,AllieA177127022023r
1,AllieA177627022023r
1,AllieA178327022023r
1,AllieA178527022023r
1,
1,
1,
1,
1,
1,
1,
1,
1,
1,
1,
1,
1,
1,FrancineD099927022023r
1,FrancineD100027022023r
1,FrancineD100127022023r
1,FrancineD100227022023r
1,FrancineD338927022023r
1,FrancineD339527022023r
1,FrancineD339827022023r
1,FrancineD339927022023r
1,FrancineD340027022023r
1,FrancineD340127022023r
1,FrancineD340327022023r
1,FrancineD340427022023r
1,FrancineD340527022023r
1,FrancineD340627022023r
1,FrancineD341527022023r
1,FrancineD342127022023r
1,FrancineD342427022023r
1,FrancineD342527022023r
1,FrancineD343327022023r
1,FrancineD343427022023r
1,FrancineD343527022023r
1,FrancineD343627022023r
1,FrancineD343927022023r
1,FrancineD344027022023r
1,FrancineD344227022023r
1,FrancineD344327022023r
1,FrancineD344527022023r
1,FrancineD344727022023r
1,FrancineD344827022023r
1,FrancineD345127022023r
1,FrancineD345527022023r
1,FrancineD345627022023r
1,FrancineD345727022023r
1,FrancineD345827022023r
1,FrancineD345927022023r
1,FrancineD346227022023r
1,FrancineD346627022023r
1,FrancineD347127022023r
1,FrancineD347227022023r
1,FrancineD348427022023r
1,FrancineD348527022023r
1,FrancineD348627022023r
1,FrancineD348827022023r
1,FrancineD349227022023r
1,FrancineD349927022023r
1,FrancineD350027022023r
1,FrancineD350227022023r
1,FrancineD350527022023r
1,FrancineD351127022023r
1,FrancineD351427022023r
1,FrancineD351527022023r
1,FrancineD351627022023r
1,FrancineD352427022023r
1,FrancineD352527022023r
1,FrancineD352627022023r
1,FrancineD353327022023r
1,FrancineD353427022023r
1,
1,
1,
1,
1,
1,
1,
1,
1,
1,
1,
1,
1,
1,
1,
1,
1,
1,
1,
1,
1,
1,
1,
1,
1,
1,
1,
1,
1,
1,
1,
1,
1,
1,
1,
1,
1,
1,
1,
1,
1,
1,
1,
1,
1,
1,
1,
1,
1,
1,
1,
1,
1,
1,
1,
1,
1,
1,
1,Morgan Lee And Megan Rain 0000827022023r
1,TruK661627022023r
1,TruK662127022023r
1,TruK664827022023r
1,TruK665827022023r
1,TruK665927022023r
1,
1,
1,
1,
1,
